INSERT INTO tb_campaign ( campaign_name, description, image) VALUES ('Campanha 1', 'Descrição da Campanha 1', 'https://img.freepik.com/free-vector/gradient-shapes-dark-background_52683-32826.jpg?size=626&ext=jpg')
INSERT INTO tb_campaign ( campaign_name, description, image) VALUES ('Campanha 2', 'Descrição da Campanha 2', 'https://st4.depositphotos.com/5221209/21719/v/600/depositphotos_217197586-stock-video-abstract-square-shapes-moving-animation.jpg')
INSERT INTO tb_campaign ( campaign_name, description, image) VALUES ('Campanha 3', 'Descrição da Campanha 3', 'https://image.freepik.com/free-vector/gradient-geometric-shapes-background_23-2148792644.jpg')
INSERT INTO tb_campaign ( campaign_name, description, image) VALUES ('Campanha 4', 'Descrição da Campanha 4', 'https://image.freepik.com/darmowe-wektory/gradientowe-modele-geometryczne-na-ciemnym-tle_23-2148431523.jpg')
INSERT INTO tb_campaign ( campaign_name, description, image) VALUES ('Campanha 5', 'Descrição da Campanha 5', 'https://img.freepik.com/vector-gratis/formas-geometricas-sobre-fondo-oscuro_23-2148427246.jpg?size=626&ext=jpg')
INSERT INTO tb_campaign ( campaign_name, description, image) VALUES ('Campanha 6', 'Descrição da Campanha 6', 'https://image.freepik.com/free-vector/gradient-geometric-purple-shapes-dark-background_23-2148423872.jpg')
INSERT INTO tb_campaign ( campaign_name, description, image) VALUES ('Campanha 7', 'Descrição da Campanha 7', 'https://torobche.com/wp-content/uploads/2021/07/Abstract.Background.25.EPS_.Thmb_.jpg')

INSERT INTO tb_user (user_id, email, user_name, password, user_image) VALUES (1, 'jack@gmail.com', 'Jack', 'jack123', 'https://cdn4.iconfinder.com/data/icons/diversity-v2-0-volume-02/64/bandit-asian-male-cowboy-512.png');
INSERT INTO tb_user (user_id, email, user_name, password, user_image) VALUES (2, 'ryan@gmail.com', 'Ryan', 'ryan123', 'https://cdn4.iconfinder.com/data/icons/diversity-v2-0-volume-05/64/rastafarian-male-formal-512.png');
INSERT INTO tb_user (user_id, email, user_name, password, user_image) VALUES (3, 'francis@gmail.com', 'Francis', 'francis123', 'https://cdn4.iconfinder.com/data/icons/diversity-v2-0-volume-05/64/emo-asian-female-512.png');
INSERT INTO tb_user (user_id, email, user_name, password, user_image) VALUES (4, 'Anny@gmail.com', 'Anny', 'Anny123', 'https://cdn4.iconfinder.com/data/icons/diversity-v2-0-volume-05/64/emo-black-female-512.png');
INSERT INTO tb_user (user_id, email, user_name, password, user_image) VALUES (5, 'xiii@gmail.com', 'XIII', 'xiii123', 'https://cdn0.iconfinder.com/data/icons/diversity-v2-0-volume-08/64/robot-5-512.png');
INSERT INTO tb_user (user_id, email, user_name, password, user_image) VALUES (6, 'valentina@gmail.com', 'Valentina', 'valentina123', 'https://cdn4.iconfinder.com/data/icons/diversity-v2-0-volume-04/64/disc-jockey-white-female-512.png');
INSERT INTO tb_user (user_id, email, user_name, password, user_image) VALUES (7, 'dominic@gmail.com', 'Dominic', 'dominic123', 'https://cdn4.iconfinder.com/data/icons/diversity-v2-0-volume-04/64/designers-black-male-512.png');
INSERT INTO tb_user (user_id, email, user_name, password, user_image) VALUES (8, 'shaolin@gmail.com', 'Shaolin Matador de Porco', 'shaolin123', 'https://cdn4.iconfinder.com/data/icons/diversity-v2-0-volume-04/64/designers-black-male-512.png');
INSERT INTO tb_user (user_id, email, user_name, password, user_image) VALUES (9, 'angelic@gmail.com', 'Angelic', 'angelic123', 'https://cdn2.iconfinder.com/data/icons/diversity-v2-0-volume-01/64/artist-asian-female-512.png');
INSERT INTO tb_user (user_id, email, user_name, password, user_image) VALUES (10, 'iris@gmail.com', 'Íris', 'iris123', 'https://cdn2.iconfinder.com/data/icons/diversity-avatars-volume-09/64/avatar-cloche-hat-african-woman-512.png');
INSERT INTO tb_user (user_id, email, user_name, password, user_image) VALUES (11, 'apollo@gmail.com', 'Apollo', 'apollo123', 'https://cdn2.iconfinder.com/data/icons/diversity-v2-0-volume-08/64/bowler-hat-avatar-mustache-inspector-512.png');
INSERT INTO tb_user (user_id, email, user_name, password, user_image) VALUES (12, 'gestrudes@gmail.com', 'Gertrudes', 'gertrudes123', 'https://cdn2.iconfinder.com/data/icons/diversity-avatars-volume-09/64/avatar-trenchcoat-investigator-asian-512.png');

INSERT INTO tb_post ( title, summary, body, user_id, post_image) VALUES ( 'Postagem 1', 'Um Breve Resumo Sobre a Postagem 1', 'Uma Descrição que Aborda Detalhadamente a Temática Relacionada a Postagem 1.', 1, 'http://sfwallpaper.com/images/blog-wallpaper-3.jpg');
INSERT INTO tb_post ( title, summary, body, user_id, post_image) VALUES ( 'Postagem 2', 'Um Breve Resumo Sobre a Postagem 2', 'Uma Descrição que Aborda Detalhadamente a Temática Relacionada a Postagem 2.', 2, 'http://sfwallpaper.com/images/blog-wallpaper-3.jpg');
INSERT INTO tb_post ( title, summary, body, user_id, post_image) VALUES ( 'Postagem 3', 'Um Breve Resumo Sobre a Postagem 3', 'Uma Descrição que Aborda Detalhadamente a Temática Relacionada a Postagem 3.', 3, 'http://sfwallpaper.com/images/blog-wallpaper-3.jpg');
INSERT INTO tb_post ( title, summary, body, user_id, post_image) VALUES ( 'Postagem 4', 'Um Breve Resumo Sobre a Postagem 4', 'Uma Descrição que Aborda Detalhadamente a Temática Relacionada a Postagem 4.', 4, 'http://sfwallpaper.com/images/blog-wallpaper-3.jpg');
INSERT INTO tb_post ( title, summary, body, user_id, post_image) VALUES ( 'Postagem 5', 'Um Breve Resumo Sobre a Postagem 5', 'Uma Descrição que Aborda Detalhadamente a Temática Relacionada a Postagem 5.', 4, 'http://sfwallpaper.com/images/blog-wallpaper-3.jpg');
INSERT INTO tb_post ( title, summary, body, user_id, post_image) VALUES ( 'Postagem 6', 'Um Breve Resumo Sobre a Postagem 6', 'Uma Descrição que Aborda Detalhadamente a Temática Relacionada a Postagem 6.', 1, 'http://sfwallpaper.com/images/blog-wallpaper-3.jpg');
INSERT INTO tb_post ( title, summary, body, user_id, post_image) VALUES ( 'Postagem 7', 'Um Breve Resumo Sobre a Postagem 7', 'Uma Descrição que Aborda Detalhadamente a Temática Relacionada a Postagem 7.', 2, 'http://sfwallpaper.com/images/blog-wallpaper-3.jpg');
INSERT INTO tb_post ( title, summary, body, user_id, post_image) VALUES ( 'Postagem 8', 'Um Breve Resumo Sobre a Postagem 8', 'Uma Descrição que Aborda Detalhadamente a Temática Relacionada a Postagem 8', 3, 'http://sfwallpaper.com/images/blog-wallpaper-3.jpg');
INSERT INTO tb_post ( title, summary, body, user_id, post_image) VALUES ( 'Postagem 9', 'Um Breve Resumo Sobre a Postagem 9', 'Uma Descrição que Aborda Detalhadamente a Temática Relacionada a Postagem 9.', 4, 'http://sfwallpaper.com/images/blog-wallpaper-3.jpg');
INSERT INTO tb_post ( title, summary, body, user_id, post_image) VALUES ( 'Postagem 10', 'Um Breve Resumo Sobre a Postagem 10', 'Uma Descrição que Aborda Detalhadamente a Temática Relacionada a Postagem 10.', 5, 'http://sfwallpaper.com/images/blog-wallpaper-3.jpg');
INSERT INTO tb_post ( title, summary, body, user_id, post_image) VALUES ( 'Postagem 11', 'Um Breve Resumo Sobre a Postagem 11', 'Uma Descrição que Aborda Detalhadamente a Temática Relacionada a Postagem 11.', 1, 'http://sfwallpaper.com/images/blog-wallpaper-3.jpg');
INSERT INTO tb_post ( title, summary, body, user_id, post_image) VALUES ( 'Postagem 12', 'Um Breve Resumo Sobre a Postagem 12', 'Uma Descrição que Aborda Detalhadamente a Temática Relacionada a Postagem 12.', 7, 'http://sfwallpaper.com/images/blog-wallpaper-3.jpg');
INSERT INTO tb_post ( title, summary, body, user_id, post_image) VALUES ( 'Postagem 13', 'Um Breve Resumo Sobre a Postagem 13', 'Uma Descrição que Aborda Detalhadamente a Temática Relacionada a Postagem 13.', 3, 'http://sfwallpaper.com/images/blog-wallpaper-3.jpg');
INSERT INTO tb_post ( title, summary, body, user_id, post_image) VALUES ( 'Postagem 14', 'Um Breve Resumo Sobre a Postagem 14', 'Uma Descrição que Aborda Detalhadamente a Temática Relacionada a Postagem 14.', 6, 'http://sfwallpaper.com/images/blog-wallpaper-3.jpg');
INSERT INTO tb_post ( title, summary, body, user_id, post_image) VALUES ( 'Postagem 15', 'Um Breve Resumo Sobre a Postagem 15', 'Uma Descrição que Aborda Detalhadamente a Temática Relacionada a Postagem 15.', 4, 'http://sfwallpaper.com/images/blog-wallpaper-3.jpg');

INSERT INTO tb_comment ( body, created_date, post_id, user_id ) VALUES ( 'Concordo, todavia discordo.', now (), 1, 2 );
INSERT INTO tb_comment ( body, created_date, post_id, user_id ) VALUES ( 'Como eu faço pra acessar a câmera frontal do dispositivo de outra pessoa ?', now (), 2, 1 );
INSERT INTO tb_comment ( body, created_date, post_id, user_id ) VALUES ( 'Eu investiguei e esta informação está errada!', now (), 2, 3 );
INSERT INTO tb_comment ( body, created_date, post_id, user_id ) VALUES ( 'Como eu imprimo um vídeo ?', now (), 3, 4 );

INSERT INTO tb_chapter ( campaign_id, chapter_title, chapter_description, chapter_image) VALUES ( 1, 'Desenvolvimento de Jogos Digitais', 'Neste capítulo você será apresentado a missões que iram testar os seus conhecimentos a cerca dos princípios básicos da segurança da informação, para  executar este capítulo com êxito é nescessário compreender as características de cada um dos príncipios.', 'https://makewebbetter.com/wp-content/uploads/2017/12/mainbanner1-1-1.jpg');
INSERT INTO tb_chapter ( campaign_id, chapter_title, chapter_description, chapter_image) VALUES ( 1, 'Os Tipos de Hackers', 'Este capítulo será dedicado aos indivíduos que possuem uma facilidade e um conhecimento elevado em torno da manipulação código que permite o acesso a informações consideradas sigilosas, apesar que serem nomeados generalizadamente como Hackers há diferenças entre cada um deles que se dá por questões de índole ou nível de conhecimento e neste capítulos você deverá conhecer cada um deles.', 'https://avante.biz/wp-content/uploads/Cool-Hacker-Wallpapers/Cool-Hacker-Wallpapers-014.jpg');
INSERT INTO tb_chapter ( campaign_id, chapter_title, chapter_description, chapter_image) VALUES ( 1, 'Controle Parental', 'A presença dos pais na internet tem se tornado mais importante a medida em que os seus filhos descobrem o mundo virtual, este capítulo irá testar seus conhecimentos sobre o controle parental na internet, qual o seu significado, suas abordagens e quais os limites desta forma de controle na internet.', 'https://yuruhuwa-hituji-life.com/wp/wp-content/uploads/2019/09/47-1-e1568971356802.png');
INSERT INTO tb_chapter ( campaign_id, chapter_title, chapter_description, chapter_image) VALUES ( 1, 'Malware', 'Softwares maliciosos estão presentes nos meios digitais desde os primordios, ainda assim muito usuários demonstram dificuldades em lidar com esse tipo de problema, este capítulo irá auxiliá-lo a compreender as formas corretas de lidar com os Malwares e saber quais os tipos de softwares maliciosos são os que você está mais vulnerável.', 'https://cyberskillslesson.com/wp-content/uploads/2020/09/firewall-1-768x507.png');
INSERT INTO tb_chapter ( campaign_id, chapter_title, chapter_description, chapter_image) VALUES ( 1, 'Lei Geral de Proteção de Dados Pessoais', 'Assim como no mundo real, a navegação na internet também está regida por leis, este capítulo trata de como as leis de proteção de dados são aplicadas na internet e quais os possíveis benefícios ou controvésias que este tipo de legislação pode acarrestar.', 'https://nextadmin.net/wp-content/uploads/2019/12/What-is-Data-Loss-Prevention-DLP-A-Definition-of-Data-Loss-Prevention-780x470.jpg');

INSERT INTO tb_quiz ( title, description, image, chapter_id) VALUES ( 'O Conceito no Desenvolvimento de Jogos', 'A fase de conceito no desenvolvimento de jogos é o ponto inicial das atividades. Teste os seus conhecimentos sobre esta etapa neste quizz!', 'https://1.bp.blogspot.com/-xGw8Rcwupvw/XoXsp5j7pMI/AAAAAAAAAds/NckNhfigjFIeFB_BgezgUcJd_-K3FNsCgCLcBGAsYHQ/s1600/best-game-development-interview-questions.png', 1);
INSERT INTO tb_quiz ( title, description, image, chapter_id) VALUES ( 'O Planejamento no Desenvolvimento de Jogos', 'Quiz sobre a fase de planenejamento no desenvolvimento de jogos', 'https://www.dekoder.org/sites/default/files/hacker_1.png', 1);
INSERT INTO tb_quiz ( title, description, image, chapter_id) VALUES ( 'A Produção no Desenvolvimento de Jogos', 'Quiz sobre a fase de produção no desenvolvimento de jogos', 'https://img.wonderhowto.com/img/20/66/63724953674051/0/expand-your-coding-skill-set-by-learning-build-games-unity.w1456.jpg', 1);
INSERT INTO tb_quiz ( title, description, image, chapter_id) VALUES ( 'O Teste no Desenvolvimento de Jogos', 'Quiz sobre a fase de testes no desenvolvimento de jogos', 'https://www.dekoder.org/sites/default/files/hacker_1.png', 1);
INSERT INTO tb_quiz ( title, description, image, chapter_id) VALUES ( 'A Implantação no Desenvolvimento de Jogos', 'Quiz sobre a fase de implantação no desenvolvimento de jogos', 'https://img.wonderhowto.com/img/20/66/63724953674051/0/expand-your-coding-skill-set-by-learning-build-games-unity.w1456.jpg', 1);

INSERT INTO tb_question ( quiz_id, question_title, correct_choice ) VALUES (1, 'Quais os princípios básicos da Segurança da Informação ?', 1);
INSERT INTO tb_question ( quiz_id, question_title, correct_choice ) VALUES (1, 'Qual atributo corresponde ao nível de sigilo de uma informação ?', 2);
INSERT INTO tb_question ( quiz_id, question_title, correct_choice ) VALUES (1, 'Dados importantes em que a condição de inalteravél deve durar o máximo possível, este princípio trata-se de:', 3);
INSERT INTO tb_question ( quiz_id, question_title, correct_choice ) VALUES (2, 'Qual indivíduo é responsável por um ataque autorizado com intenções justas ?', 4);
INSERT INTO tb_question ( quiz_id, question_title, correct_choice ) VALUES (2, 'Invadir sistemas sem autorização, manipular códigos e coletar dados sigilosos em prol de causas sociais, éticas ou morais. Essas características referem-se ao:', 1);
INSERT INTO tb_question ( quiz_id, question_title, correct_choice ) VALUES (2, 'Quem tem acesso a informações privilegiadas de uma determinada empresa é chamado de: ', 5);
INSERT INTO tb_question ( quiz_id, question_title, correct_choice ) VALUES (3, 'Qual o principal propósito do controle parental ?', 1 );
INSERT INTO tb_question ( quiz_id, question_title, correct_choice ) VALUES (3, 'Qual destas é uma motivação errada para a coleta de informações  sigilosas de menores ?', 4);
INSERT INTO tb_question ( quiz_id, question_title, correct_choice ) VALUES (3, 'Qual o método de controle parental é considerado o mais eficaz ?', 3);
INSERT INTO tb_question ( quiz_id, question_title, correct_choice ) VALUES (4, 'É um dos tipos mais antigos de malwares e difere-se de outros tipos pelo fato de ser capaz de se propagar pelas redes sem a necessidade de uma ação do usuário. Esse malware se trata do:', 2);
INSERT INTO tb_question ( quiz_id, question_title, correct_choice ) VALUES (4, 'Sendo considerado um dos mais recentes e perigosos tipos de malwares, qual software malicioso é capaz de evitar diversos antivírus e se infiltrar entre os arquivos do sistema ?', 5);
INSERT INTO tb_question ( quiz_id, question_title, correct_choice ) VALUES (4, 'Permite que seja retornado um invasor a um computador comprometido, através da inclusão de serviços criados para essa finalidade, esse tipo de malware é o:', 3 );
INSERT INTO tb_question ( quiz_id, question_title, correct_choice ) VALUES (5, 'Qual o objetivo da Lei Geral de Proteção de Dados Pessoais ?', 1);
INSERT INTO tb_question ( quiz_id, question_title, correct_choice ) VALUES (5, 'O tratamento de dados pessoais pode ser feito por dois agentes de tratamento, quais são eles ?', 2);
INSERT INTO tb_question ( quiz_id, question_title, correct_choice ) VALUES (5, 'A LGPD estabelece 3 bases para o tratamento de dados direcionadas a comunicação. Quais são elas ?', 1);

INSERT INTO tb_option (question_id, choice) VALUES(1, 'Opção A')
INSERT INTO tb_option (question_id, choice) VALUES(1, 'Opção B')
INSERT INTO tb_option (question_id, choice) VALUES(1, 'Opção C')
INSERT INTO tb_option (question_id, choice) VALUES(1, 'Opção A')
INSERT INTO tb_option (question_id, choice) VALUES(1, 'Opção B')
INSERT INTO tb_option (question_id, choice) VALUES(1, 'Opção C')
INSERT INTO tb_option (question_id, choice) VALUES(2, 'Opção A')
INSERT INTO tb_option (question_id, choice) VALUES(2, 'Opção B')
INSERT INTO tb_option (question_id, choice) VALUES(2, 'Opção C')
INSERT INTO tb_option (question_id, choice) VALUES(3, 'Opção A')
INSERT INTO tb_option (question_id, choice) VALUES(3, 'Opção B')
INSERT INTO tb_option (question_id, choice) VALUES(3, 'Opção C')
INSERT INTO tb_option (question_id, choice) VALUES(4, 'Opção A')
INSERT INTO tb_option (question_id, choice) VALUES(4, 'Opção B')
INSERT INTO tb_option (question_id, choice) VALUES(4, 'Opção C')
INSERT INTO tb_option (question_id, choice) VALUES(5, 'Opção A')
INSERT INTO tb_option (question_id, choice) VALUES(5, 'Opção B')
INSERT INTO tb_option (question_id, choice) VALUES(5, 'Opção C')

INSERT INTO tb_badge (badge_name, badge_description, badge_image, badge_xp) VALUES ( 'Comum Quizzer', 'Concluiu 1 Quiz em uma Campanha', 'https://cdn2.iconfinder.com/data/icons/quiz-filloutline/64/MEDAL-question_mark-exam-reward-winner-question-512.png', 20);
INSERT INTO tb_badge (badge_name, badge_description, badge_image, badge_xp) VALUES ( 'Rare Quizzer', 'Concluiu Metade dos Quizzes de uma Campanha', 'https://cdn2.iconfinder.com/data/icons/quiz-filloutline/64/TARGET-question_mark-shoot-shooting-question-512.png', 50);
INSERT INTO tb_badge (badge_name, badge_description, badge_image, badge_xp) VALUES ( 'The Explorer 1', 'Concluiu Metade dos Capítulos de uma Campanha', 'https://cdn2.iconfinder.com/data/icons/law-enforcement-soft-fill/60/Police_Badge-shield-police-policing-law-enforcement-512.png', 200);
INSERT INTO tb_badge (badge_name, badge_description, badge_image, badge_xp) VALUES ( 'The Explorer 2', 'Concluiu Todos os Capítulos de uma Campanha', 'https://cdn1.iconfinder.com/data/icons/law-28/512/Badge-law-police-security-symbolic-512.png', 200);
INSERT INTO tb_badge (badge_name, badge_description, badge_image, badge_xp) VALUES ( 'Comum Reader', 'Leu 1 Artigo de uma Campanha', 'https://cdn1.iconfinder.com/data/icons/detective-2/64/police_badge-badge-police-shield-256.png', 20);
INSERT INTO tb_badge (badge_name, badge_description, badge_image, badge_xp) VALUES ( 'Rare Reader', 'Leu Metade dos Artigos de uma Campanha', 'https://cdn4.iconfinder.com/data/icons/artificial-intelligence-47/64/Book-education-knowledge-learning-ai-512.png', 50);
INSERT INTO tb_badge (badge_name, badge_description, badge_image, badge_xp) VALUES ( 'Epic Reader', 'Leu Toods os Artigos de uma Campanha', 'https://cdn1.iconfinder.com/data/icons/education-309/64/book-education-knowledge-learning-512.png', 100);
INSERT INTO tb_badge (badge_name, badge_description, badge_image, badge_xp) VALUES ( 'Winged Quizzer', 'Concluiu 1 Quizz em menos de 10 segundos', 'https://cdn3.iconfinder.com/data/icons/rock-and-roll-2/64/celebration-star-wing-events-party-512.png', 70);

INSERT INTO tb_conquest (principal_quest, secondary_quest, chapter_completed, total_badges, total_xp, user_id) VALUES(44, 46, 27, 40, 5950, 1);
INSERT INTO tb_conquest (principal_quest, secondary_quest, chapter_completed, total_badges, total_xp, user_id) VALUES(53, 48, 24, 42, 6345, 2);
INSERT INTO tb_conquest (principal_quest, secondary_quest, chapter_completed, total_badges, total_xp, user_id) VALUES(20, 24, 7, 12, 5223, 3);
INSERT INTO tb_conquest (principal_quest, secondary_quest, chapter_completed, total_badges, total_xp, user_id) VALUES(17, 22, 5, 8, 5180, 4);
INSERT INTO tb_conquest (principal_quest, secondary_quest, chapter_completed, total_badges, total_xp, user_id) VALUES(50, 45, 25, 36, 6790, 5);
INSERT INTO tb_conquest (principal_quest, secondary_quest, chapter_completed, total_badges, total_xp, user_id) VALUES(35, 50, 20, 33, 5910, 6);
INSERT INTO tb_conquest (principal_quest, secondary_quest, chapter_completed, total_badges, total_xp, user_id) VALUES(32, 31, 18, 34, 5780, 7);
INSERT INTO tb_conquest (principal_quest, secondary_quest, chapter_completed, total_badges, total_xp, user_id) VALUES(34, 29, 19, 26, 5775, 8);
INSERT INTO tb_conquest (principal_quest, secondary_quest, chapter_completed, total_badges, total_xp, user_id) VALUES(30, 37, 16, 24, 5590, 9);
INSERT INTO tb_conquest (principal_quest, secondary_quest, chapter_completed, total_badges, total_xp, user_id) VALUES(25, 32, 12, 21, 5570, 10);
INSERT INTO tb_conquest (principal_quest, secondary_quest, chapter_completed, total_badges, total_xp, user_id) VALUES(24, 27, 10, 17, 5440, 11);
INSERT INTO tb_conquest (principal_quest, secondary_quest, chapter_completed, total_badges, total_xp, user_id) VALUES(20, 24, 8, 14, 5250, 12);


INSERT INTO tb_user_badge (badge_id, user_id) VALUES (1, 1);

INSERT INTO tb_campaign_post (post_id, campaign_id) VALUES (1, 1);
INSERT INTO tb_campaign_post (post_id, campaign_id) VALUES (2, 1);
INSERT INTO tb_campaign_post (post_id, campaign_id) VALUES (3, 1);
INSERT INTO tb_campaign_post (post_id, campaign_id) VALUES (4, 1);
INSERT INTO tb_campaign_post (post_id, campaign_id) VALUES (5, 1);

INSERT INTO tb_campaign_user (user_id, campaign_id) VALUES (1, 1);
INSERT INTO tb_campaign_user (user_id, campaign_id) VALUES (4, 1);
INSERT INTO tb_campaign_user (user_id, campaign_id) VALUES (6, 1);
INSERT INTO tb_campaign_user (user_id, campaign_id) VALUES (7, 1);

INSERT INTO tb_campaign_badge (badge_id, campaign_id) VALUES (3, 1);
INSERT INTO tb_campaign_badge (badge_id, campaign_id) VALUES (4, 1);
INSERT INTO tb_campaign_badge (badge_id, campaign_id) VALUES (5, 1);
INSERT INTO tb_campaign_badge (badge_id, campaign_id) VALUES (6, 1);